{
  "0.0": 0.99823,
  "0.1": 0.99804,
  "0.2": 0.99785,
  "0.3": 0.99766,
  "0.4": 0.99748,
  "0.5": 0.99729,
  "0.6": 0.9971,
  "0.7": 0.99692,
  "0.8": 0.99673,
  "0.9": 0.99655,
  "1.0": 0.99636,
  "1.1": 0.99618,
  "1.2": 0.99599,
  "1.3": 0.99581,
  "1.4": 0.99562,
  "1.5": 0.99544,
  "1.6": 0.99525,
  "1.7": 0.99507,
  "1.8": 0.99489,
  "1.9": 0.99471,
  "2.0": 0.99453,
  "2.1": 0.99435,
  "2.2": 0.99417,
  "2.3": 0.99399,
  "2.4": 0.99381,
  "2.5": 0.99363,
  "2.6": 0.99345,
  "2.7": 0.99327,
  "2.8": 0.9931,
  "2.9": 0.99292,
  "3.0": 0.99275,
  "3.1": 0.99257,
  "3.2": 0.9924,
  "3.3": 0.99222,
  "3.4": 0.99205,
  "3.5": 0.99188,
  "3.6": 0.99171,
  "3.7": 0.99154,
  "3.8": 0.99137,
  "3.9": 0.9912,
  "4.0": 0.99103,
  "4.1": 0.99087,
  "4.2": 0.9907,
  "4.3": 0.99053,
  "4.4": 0.99037,
  "4.5": 0.9902,
  "4.6": 0.99003,
  "4.7": 0.98987,
  "4.8": 0.98971,
  "4.9": 0.98954,
  "5.0": 0.98938,
  "5.1": 0.98922,
  "5.2": 0.98906,
  "5.3": 0.9889,
  "5.4": 0.98874,
  "5.5": 0.98859,
  "5.6": 0.98843,
  "5.7": 0.98827,
  "5.8": 0.98811,
  "5.9": 0.98796,
  "6.0": 0.9878,
  "6.1": 0.98765,
  "6.2": 0.98749,
  "6.3": 0.98734,
  "6.4": 0.98718,
  "6.5": 0.98703,
  "6.6": 0.98688,
  "6.7": 0.98673,
  "6.8": 0.98658,
  "6.9": 0.98642,
  "7.0": 0.98627,
  "7.1": 0.98612,
  "7.2": 0.98597,
  "7.3": 0.98582,
  "7.4": 0.98567,
  "7.5": 0.98553,
  "7.6": 0.98538,
  "7.7": 0.98523,
  "7.8": 0.98508,
  "7.9": 0.98493,
  "8.0": 0.98478,
  "8.1": 0.98463,
  "8.2": 0.98449,
  "8.3": 0.98434,
  "8.4": 0.98419,
  "8.5": 0.98404,
  "8.6": 0.98389,
  "8.7": 0.98374,
  "8.8": 0.9836,
  "8.9": 0.98345,
  "9.0": 0.98331,
  "9.1": 0.98316,
  "9.2": 0.98301,
  "9.3": 0.98287,
  "9.4": 0.98273,
  "9.5": 0.98258,
  "9.6": 0.98244,
  "9.7": 0.98229,
  "9.8": 0.98215,
  "9.9": 0.98201,
  "10.0": 0.98187,
  "10.1": 0.98172,
  "10.2": 0.98158,
  "10.3": 0.98144,
  "10.4": 0.9813,
  "10.5": 0.98117,
  "10.6": 0.98103,
  "10.7": 0.98089,
  "10.8": 0.98075,
  "10.9": 0.98061,
  "11.0": 0.98047,
  "11.1": 0.98033,
  "11.2": 0.98019,
  "11.3": 0.98006,
  "11.4": 0.97992,
  "11.5": 0.97978,
  "11.6": 0.97964,
  "11.7": 0.97951,
  "11.8": 0.97937,
  "11.9": 0.97923,
  "12.0": 0.9791,
  "12.1": 0.97896,
  "12.2": 0.97883,
  "12.3": 0.97869,
  "12.4": 0.97855,
  "12.5": 0.97842,
  "12.6": 0.97828,
  "12.7": 0.97815,
  "12.8": 0.97801,
  "12.9": 0.97788,
  "13.0": 0.97775,
  "13.1": 0.97761,
  "13.2": 0.97748,
  "13.3": 0.97735,
  "13.4": 0.97722,
  "13.5": 0.97709,
  "13.6": 0.97696,
  "13.7": 0.97683,
  "13.8": 0.9767,
  "13.9": 0.97657,
  "14.0": 0.97643,
  "14.1": 0.9763,
  "14.2": 0.97617,
  "14.3": 0.97604,
  "14.4": 0.97591,
  "14.5": 0.97578,
  "14.6": 0.97565,
  "14.7": 0.97552,
  "14.8": 0.97539,
  "14.9": 0.97526,
  "15.0": 0.97514,
  "15.1": 0.97501,
  "15.2": 0.97488,
  "15.3": 0.97475,
  "15.4": 0.97462,
  "15.5": 0.9745,
  "15.6": 0.97438,
  "15.7": 0.97425,
  "15.8": 0.97412,
  "15.9": 0.974,
  "16.0": 0.97387,
  "16.1": 0.97374,
  "16.2": 0.97361,
  "16.3": 0.97349,
  "16.4": 0.97336,
  "16.5": 0.97323,
  "16.6": 0.9731,
  "16.7": 0.97297,
  "16.8": 0.97284,
  "16.9": 0.97272,
  "17.0": 0.97259,
  "17.1": 0.97246,
  "17.2": 0.97233,
  "17.3": 0.9722,
  "17.4": 0.97207,
  "17.5": 0.97194,
  "17.6": 0.97181,
  "17.7": 0.97168,
  "17.8": 0.97155,
  "17.9": 0.97142,
  "18.0": 0.97129,
  "18.1": 0.97116,
  "18.2": 0.97103,
  "18.3": 0.97089,
  "18.4": 0.97076,
  "18.5": 0.97063,
  "18.6": 0.9705,
  "18.7": 0.97037,
  "18.8": 0.97024,
  "18.9": 0.9701,
  "19.0": 0.96997,
  "19.1": 0.96984,
  "19.2": 0.96971,
  "19.3": 0.96957,
  "19.4": 0.96944,
  "19.5": 0.96931,
  "19.6": 0.96917,
  "19.7": 0.96904,
  "19.8": 0.96891,
  "19.9": 0.96877,
  "20.0": 0.96864,
  "20.1": 0.9685,
  "20.2": 0.96837,
  "20.3": 0.96823,
  "20.4": 0.9681,
  "20.5": 0.96796,
  "20.6": 0.96783,
  "20.7": 0.96769,
  "20.8": 0.96756,
  "20.9": 0.96742,
  "21.0": 0.96729,
  "21.1": 0.96716,
  "21.2": 0.96702,
  "21.3": 0.96688,
  "21.4": 0.96675,
  "21.5": 0.96661,
  "21.6": 0.96647,
  "21.7": 0.96634,
  "21.8": 0.9662,
  "21.9": 0.96606,
  "22.0": 0.96592,
  "22.1": 0.96578,
  "22.2": 0.96564,
  "22.3": 0.96551,
  "22.4": 0.96537,
  "22.5": 0.96523,
  "22.6": 0.96509,
  "22.7": 0.96495,
  "22.8": 0.96481,
  "22.9": 0.96467,
  "23.0": 0.96453,
  "23.1": 0.96439,
  "23.2": 0.96425,
  "23.3": 0.96411,
  "23.4": 0.96396,
  "23.5": 0.96382,
  "23.6": 0.96368,
  "23.7": 0.96354,
  "23.8": 0.9634,
  "23.9": 0.96326,
  "24.0": 0.96312,
  "24.1": 0.96297,
  "24.2": 0.96283,
  "24.3": 0.96269,
  "24.4": 0.96254,
  "24.5": 0.9624,
  "24.6": 0.96225,
  "24.7": 0.96211,
  "24.8": 0.96196,
  "24.9": 0.96182,
  "25.0": 0.96168,
  "25.1": 0.96153,
  "25.2": 0.96139,
  "25.3": 0.96124,
  "25.4": 0.96109,
  "25.5": 0.96094,
  "25.6": 0.9608,
  "25.7": 0.96065,
  "25.8": 0.9605,
  "25.9": 0.96035,
  "26.0": 0.9602,
  "26.1": 0.96005,
  "26.2": 0.9599,
  "26.3": 0.95975,
  "26.4": 0.95959,
  "26.5": 0.95944,
  "26.6": 0.95929,
  "26.7": 0.95914,
  "26.8": 0.95898,
  "26.9": 0.95883,
  "27.0": 0.95867,
  "27.1": 0.95851,
  "27.2": 0.95836,
  "27.3": 0.9582,
  "27.4": 0.95805,
  "27.5": 0.95789,
  "27.6": 0.95773,
  "27.7": 0.95757,
  "27.8": 0.95742,
  "27.9": 0.95726,
  "28.0": 0.9571,
  "28.1": 0.95694,
  "28.2": 0.95678,
  "28.3": 0.95662,
  "28.4": 0.95646,
  "28.5": 0.9563,
  "28.6": 0.95613,
  "28.7": 0.95597,
  "28.8": 0.95581,
  "28.9": 0.95565,
  "29.0": 0.95548,
  "29.1": 0.95532,
  "29.2": 0.95516,
  "29.3": 0.95499,
  "29.4": 0.95483,
  "29.5": 0.95466,
  "29.6": 0.9545,
  "29.7": 0.95433,
  "29.8": 0.95416,
  "29.9": 0.954,
  "30.0": 0.95382,
  "30.1": 0.95365,
  "30.2": 0.95349,
  "30.3": 0.95332,
  "30.4": 0.95315,
  "30.5": 0.95298,
  "30.6": 0.95281,
  "30.7": 0.95264,
  "30.8": 0.95247,
  "30.9": 0.9523,
  "31.0": 0.95212,
  "31.1": 0.95195,
  "31.2": 0.95178,
  "31.3": 0.95161,
  "31.4": 0.95143,
  "31.5": 0.95126,
  "31.6": 0.95108,
  "31.7": 0.95091,
  "31.8": 0.95074,
  "31.9": 0.95056,
  "32.0": 0.95038,
  "32.1": 0.9502,
  "32.2": 0.95003,
  "32.3": 0.94985,
  "32.4": 0.94967,
  "32.5": 0.9495,
  "32.6": 0.94932,
  "32.7": 0.94914,
  "32.8": 0.94896,
  "32.9": 0.94878,
  "33.0": 0.9486,
  "33.1": 0.94842,
  "33.2": 0.94824,
  "33.3": 0.94806,
  "33.4": 0.94788,
  "33.5": 0.9477,
  "33.6": 0.94752,
  "33.7": 0.94734,
  "33.8": 0.94715,
  "33.9": 0.94697,
  "34.0": 0.94679,
  "34.1": 0.9466,
  "34.2": 0.94642,
  "34.3": 0.94624,
  "34.4": 0.94605,
  "34.5": 0.94587,
  "34.6": 0.94568,
  "34.7": 0.9455,
  "34.8": 0.94531,
  "34.9": 0.94512,
  "35.0": 0.94494,
  "35.1": 0.94475,
  "35.2": 0.94456,
  "35.3": 0.94438,
  "35.4": 0.94419,
  "35.5": 0.944,
  "35.6": 0.94382,
  "35.7": 0.94363,
  "35.8": 0.94344,
  "35.9": 0.94325,
  "36.0": 0.94306,
  "36.1": 0.94287,
  "36.2": 0.94268,
  "36.3": 0.94249,
  "36.4": 0.9423,
  "36.5": 0.94211,
  "36.6": 0.94192,
  "36.7": 0.94172,
  "36.8": 0.94153,
  "36.9": 0.94134,
  "37.0": 0.94114,
  "37.1": 0.94095,
  "37.2": 0.94075,
  "37.3": 0.94056,
  "37.4": 0.94036,
  "37.5": 0.94017,
  "37.6": 0.93997,
  "37.7": 0.93978,
  "37.8": 0.93958,
  "37.9": 0.93939,
  "38.0": 0.93919,
  "38.1": 0.93899,
  "38.2": 0.93879,
  "38.3": 0.93859,
  "38.4": 0.9384,
  "38.5": 0.9382,
  "38.6": 0.938,
  "38.7": 0.9378,
  "38.8": 0.9376,
  "38.9": 0.9374,
  "39.0": 0.9372,
  "39.1": 0.937,
  "39.2": 0.9368,
  "39.3": 0.9366,
  "39.4": 0.9364,
  "39.5": 0.9362,
  "39.6": 0.93599,
  "39.7": 0.93579,
  "39.8": 0.93559,
  "39.9": 0.93539,
  "40.0": 0.93518,
  "40.1": 0.93498,
  "40.2": 0.93478,
  "40.3": 0.93458,
  "40.4": 0.93437,
  "40.5": 0.93417,
  "40.6": 0.93396,
  "40.7": 0.93376,
  "40.8": 0.93356,
  "40.9": 0.93335,
  "41.0": 0.93314,
  "41.1": 0.93294,
  "41.2": 0.93273,
  "41.3": 0.93253,
  "41.4": 0.93232,
  "41.5": 0.93212,
  "41.6": 0.93191,
  "41.7": 0.9317,
  "41.8": 0.93149,
  "41.9": 0.93129,
  "42.0": 0.93107,
  "42.1": 0.93086,
  "42.2": 0.93065,
  "42.3": 0.93044,
  "42.4": 0.93023,
  "42.5": 0.93002,
  "42.6": 0.92981,
  "42.7": 0.9296,
  "42.8": 0.92939,